,turnId,pointId,time [ns],lat [deg],lon [deg],speed [mps],steer_angle [deg],x [m],y [m]
0,1,0,83350000000.0,35.18297833582332,-97.4375498976325,3.870568127542522,-303.84508303101245,179.84276628078163,68.98091990994516
1,1,1,83360000000.0,35.18297842971866,-97.43754947757441,3.8774373126445205,-301.3220119880058,179.80484043209887,68.99129910057752
2,1,2,83370000000.0,35.182978523614,-97.43754905751632,3.8843064977465196,-301.0,179.76691458341608,69.00167829120988
3,1,3,83380000000.0,35.182978617509335,-97.43754863745825,3.8911756828485182,-300.2396758433788,179.72898873601642,69.01205748184225
4,1,4,83390000000.0,35.182978711404665,-97.43754821740016,3.898044867950517,-299.26452149763,179.69106288733363,69.02243667168918
5,1,5,83400000000.0,35.1829788053,-97.43754779734208,3.9049140530525155,-298.1941319210083,179.65313703865087,69.03281586232154
6,1,6,83410000000.0,35.18297889919534,-97.437547377284,3.911783238154514,-297.36652249884384,179.61521119125118,69.0431950529539
7,1,7,83420000000.0,35.18297899309068,-97.43754695722592,3.9186524232565128,-296.47026725472006,179.57728534256842,69.05357424358627
8,1,8,83430000000.0,35.18297908698601,-97.43754653716783,3.9255216083585114,-295.4673916288275,179.53935949388566,69.0639534334332
9,1,9,83440000000.0,35.18297918088135,-97.43754611710975,3.93239079346051,-293.4656226522689,179.5014336452029,69.07433262406556
10,1,10,83450000000.0,35.182979274776685,-97.43754569705168,3.9392599785625086,-293.0,179.4635077978032,69.08471181469793
11,1,11,83460000000.0,35.18297936867202,-97.43754527699359,3.9461291636645073,-293.0,179.4255819491204,69.09509100533029
12,1,12,83470000000.0,35.18297946256736,-97.4375448569355,3.952998348766506,-292.68415927537507,179.38765610043768,69.10547019596265
13,1,13,83480000000.0,35.18297955646269,-97.43754443687742,3.9598675338685045,-291.9954460026218,179.34973025175492,69.11584938580958
14,1,14,83490000000.0,35.18297965035803,-97.43754401681934,3.966736718970503,-291.1776498285561,179.3118044043552,69.12622857644195
15,1,15,83500000000.0,35.182979744253366,-97.43754359676126,3.9736059040725022,-290.50131747656434,179.27387855567247,69.13660776707431
16,1,16,83510000000.0,35.182979838148704,-97.43754317670317,3.980475089174501,-289.8820579932771,179.2359527069897,69.14698695770667
17,1,17,83520000000.0,35.182979922085195,-97.4375427505002,3.9864270435671125,-289.2932213224826,179.19747205393028,69.15626529748096
18,1,18,83530000000.0,35.182979986799175,-97.43754231243635,3.9906085621331693,-288.56295751917315,179.15792051607943,69.16341878082491
19,1,19,83540000000.0,35.182980051513155,-97.4375418743725,3.994790080699226,-287.8945013759682,179.11836897822855,69.17057226416887
20,1,20,83550000000.0,35.18298011622713,-97.43754143630865,3.9989715992652832,-287.2056765932323,179.07881744037766,69.17772574672739
21,1,21,83560000000.0,35.18298018094111,-97.4375409982448,4.00315311783134,-286.53393036526546,179.0392659025268,69.18487923007135
22,1,22,83570000000.0,35.18298024565509,-97.43754056018095,4.007334636397397,-285.9117104925189,178.99971436467592,69.1920327134153
23,1,23,83580000000.0,35.18298031036907,-97.4375401221171,4.011516154963454,-285.1747420161079,178.96016282682507,69.19918619675926
24,1,24,83590000000.0,35.18298037508304,-97.43753968405325,4.015697673529511,-284.27565342592504,178.9206112889742,69.20633967931778
25,1,25,83600000000.0,35.18298043979702,-97.4375392459894,4.019879192095567,-282.58040651991735,178.88105975112336,69.21349316266173
26,1,26,83610000000.0,35.182980504511,-97.43753880792555,4.024060710661625,-280.3,178.84150821327248,69.22064664600569
27,1,27,83620000000.0,35.18298056922497,-97.4375383698617,4.028242229227682,-280.3,178.80195667542162,69.22780012856421
28,1,28,83630000000.0,35.18298063393895,-97.43753793179785,4.032423747793739,-280.3,178.76240513757074,69.23495361190817
29,1,29,83640000000.0,35.18298069865293,-97.437537493734,4.036605266359795,-279.8823021327875,178.72285359971985,69.24210709525212
30,1,30,83650000000.0,35.182980763366906,-97.43753705567015,4.040786784925852,-278.84077624884844,178.683302061869,69.24926057781065
31,1,31,83660000000.0,35.182980828080886,-97.4375366176063,4.04496830349191,-277.8086747281473,178.64375052401812,69.2564140611546
32,1,32,83670000000.0,35.182980892794866,-97.43753617954245,4.0491498220579665,-276.9492244394926,178.60419898616726,69.26356754449856
33,1,33,83680000000.0,35.182980957508846,-97.4375357414786,4.053331340624023,-275.4085308389545,178.56464744831638,69.27072102784251
34,1,34,83690000000.0,35.18298102222282,-97.43753530341475,4.05751285919008,-273.75880778088094,178.52509591046552,69.27787451040103
35,1,35,83700000000.0,35.1829810869368,-97.4375348653509,4.061694377756137,-272.06910423391815,178.48554437261464,69.28502799374499
36,1,36,83710000000.0,35.18298115165078,-97.43753442728705,4.065875896322194,-270.8530606691588,178.44599283476379,69.29218147708895
37,1,37,83720000000.0,35.18298121353183,-97.43753398682465,4.0707468367626545,-269.4122204935991,178.4062247385997,69.29902180870641
38,1,38,83730000000.0,35.182981267043104,-97.43753353927583,4.077654655477966,-267.3525873539469,178.36581683035982,69.3049369446976
39,1,39,83740000000.0,35.182981320554376,-97.43753309172702,4.084562474193277,-265.7134081138293,178.32540892211992,69.31085208068879
40,1,40,83750000000.0,35.18298137406565,-97.4375326441782,4.091470292908588,-263.9503812643698,178.28500101388005,69.31676721667998
41,1,41,83760000000.0,35.18298142757692,-97.43753219662938,4.0983781116239,-258.55799215532375,178.2445931043571,69.32268235267117
42,1,42,83770000000.0,35.18298148108819,-97.43753174908056,4.105285930339211,-255.7,178.20418519611724,69.32859748866235
43,1,43,83780000000.0,35.18298153459946,-97.43753130153175,4.112193749054523,-255.7,178.16377728787734,69.33451262465354
44,1,44,83790000000.0,35.182981588110735,-97.43753085398293,4.119101567769834,-255.7,178.12336937963744,69.34042776064473
45,1,45,83800000000.0,35.18298164162201,-97.4375304064341,4.126009386485146,-253.91134692730083,178.08296147011453,69.34634289663592
46,1,46,83810000000.0,35.18298169513328,-97.43752995888529,4.1329172052004575,-252.36369914175796,178.04255356187463,69.3522580326271
47,1,47,83820000000.0,35.18298174864455,-97.43752951133648,4.139825023915768,-250.68587277620617,178.00214565363476,69.3581731686183
48,1,48,83830000000.0,35.18298180215582,-97.43752906378765,4.14673284263108,-246.90185564691686,177.96173774411182,69.36408830460948
49,1,49,83840000000.0,35.182981855667094,-97.43752861623884,4.153640661346391,-244.40144776680276,177.92132983587194,69.37000344060067
50,1,50,83850000000.0,35.182981909178366,-97.43752816869002,4.160548480061703,-241.4781034338723,177.88092192763204,69.37591857659186
51,1,51,83860000000.0,35.18298196268964,-97.43752772114121,4.167456298777014,-239.15076533186632,177.84051401939215,69.38183371258305
52,1,52,83870000000.0,35.18298201620091,-97.43752727359238,4.174364117492326,-236.53052313140026,177.80010610986923,69.38774884857423
53,1,53,83880000000.0,35.18298206971218,-97.43752682604357,4.181271936207637,-233.78872270515035,177.75969820162936,69.39366398456542
54,1,54,83890000000.0,35.182982123223454,-97.43752637849475,4.188179754922949,-230.65498835777873,177.71929029338946,69.39957912055661
55,1,55,83900000000.0,35.182982176734725,-97.43752593094594,4.19508757363826,-227.5347874437463,177.67888238514956,69.4054942565478
56,1,56,83910000000.0,35.182982230246,-97.43752548339711,4.201995392353571,-224.40603746675347,177.63847447562665,69.41140939253899
57,1,57,83920000000.0,35.18298228375727,-97.4375250358483,4.208903211068883,-221.17333069911894,177.59806656738675,69.41732452853017
58,1,58,83930000000.0,35.182982317538475,-97.43752455624595,4.222259699147581,-211.2,177.55476463673418,69.42105870297382
59,1,59,83940000000.0,35.18298234272073,-97.43752406267372,4.2384267078732325,-211.2,177.5102014052758,69.42384234919032
60,1,60,83950000000.0,35.18298236790299,-97.43752356910149,4.254593716598885,-211.2,177.46563817381744,69.42662599619226
61,1,61,83960000000.0,35.18298239308524,-97.43752307552926,4.2707607253245365,-209.78011122542432,177.42107494235904,69.42940964240876
62,1,62,83970000000.0,35.1829824182675,-97.43752258195703,4.286927734050188,-207.2709037893684,177.3765117109007,69.43219328941069
63,1,63,83980000000.0,35.18298244344975,-97.4375220883848,4.303094742775841,-202.85277076981677,177.3319484794423,69.43497693562719
64,1,64,83990000000.0,35.18298246863201,-97.43752159481257,4.319261751501492,-199.42527780603243,177.28738524798393,69.43776058262912
65,1,65,84000000000.0,35.182982493814265,-97.43752110124034,4.335428760227144,-196.18225394088282,177.24282201652554,69.44054422884562
66,1,66,84010000000.0,35.182982518996525,-97.4375206076681,4.351595768952796,-193.18760499077408,177.1982587850672,69.44332787584756
67,1,67,84020000000.0,35.18298254417878,-97.43752011409589,4.367762777678448,-190.2996868214081,177.15369555489187,69.44611152206406
68,1,68,84030000000.0,35.18298256936104,-97.43751962052366,4.3839297864041,-186.526875569736,177.1091323234335,69.44889516906599
69,1,69,84040000000.0,35.18298259454329,-97.43751912695143,4.400096795129752,-183.19413755619212,177.0645690919751,69.45167881528249
70,1,70,84050000000.0,35.18298261972555,-97.4375186333792,4.416263803855403,-180.04855898230088,177.02000586051673,69.45446246228443
71,1,71,84060000000.0,35.1829826449078,-97.43751813980697,4.432430812581056,-176.8977280594081,176.97544262905836,69.45724610850093
72,1,72,84070000000.0,35.18298267009006,-97.43751764623474,4.4485978213067074,-173.89346436076622,176.9308793976,69.46002975550286
73,1,73,84080000000.0,35.18298269527232,-97.43751715266251,4.464764830032359,-170.99326439378544,176.88631616614163,69.46281340250479
74,1,74,84090000000.0,35.182982720454575,-97.43751665909028,4.4809318387580115,-167.9908867900024,176.84175293468323,69.46559704872129
75,1,75,84100000000.0,35.182982745636835,-97.43751616551805,4.497098847483663,-160.69598597936576,176.7971897032249,69.46838069572323
76,1,76,84110000000.0,35.18298277081909,-97.43751567194582,4.513265856209315,-155.1,176.7526264717665,69.47116434193973
77,1,77,84120000000.0,35.18298279600135,-97.43751517837359,4.529432864934967,-155.1,176.70806324030812,69.47394798894166
78,1,78,84130000000.0,35.18298280876612,-97.43751464854469,4.540985275606038,-155.1,176.66022649776968,69.47535900687726
79,1,79,84140000000.0,35.182982819186954,-97.4375141118719,4.551666626973723,-153.78225247316982,176.61177183981673,69.47651092586469
80,1,80,84150000000.0,35.18298282960778,-97.43751357519913,4.562347978341408,-151.3947241291236,176.56331718314678,69.47766284406669
81,1,81,84160000000.0,35.182982840028615,-97.43751303852636,4.573029329709094,-149.04198500189173,176.51486252647683,69.47881476305412
82,1,82,84170000000.0,35.18298285044944,-97.43751250185359,4.583710681076779,-146.83870654377205,176.46640786980691,69.47996668125612
83,1,83,84180000000.0,35.182982860870275,-97.4375119651808,4.594392032444464,-144.73312773861394,176.41795321185396,69.48111860024355
84,1,84,84190000000.0,35.1829828712911,-97.43751142850803,4.605073383812149,-143.01919092310033,176.369498555184,69.48227051844555
85,1,85,84200000000.0,35.182982881711936,-97.43751089183526,4.615754735179835,-140.37006372814926,176.3210438985141,69.48342243743298
86,1,86,84210000000.0,35.18298289213276,-97.43751035516247,4.62643608654752,-137.8719866964173,176.2725892405611,69.48457435563498
87,1,87,84220000000.0,35.1829829025536,-97.4375098184897,4.637117437915205,-136.0532748100759,176.22413458389119,69.48572627462241
88,1,88,84230000000.0,35.18298291297443,-97.43750928181693,4.6477987892828905,-135.6,176.17567992722124,69.48687819360984
89,1,89,84240000000.0,35.18298292339526,-97.43750874514416,4.658480140650576,-127.2,176.12722527055132,69.48803011181184
90,1,90,84250000000.0,35.18298293381609,-97.43750820847137,4.669161492018262,-127.2,176.07877061259836,69.48918203079927
91,1,91,84260000000.0,35.18298294423692,-97.4375076717986,4.679842843385947,-127.2,176.03031595592842,69.49033394900127
92,1,92,84270000000.0,35.18298295465775,-97.43750713512583,4.690524194753632,-127.2,175.9818612992585,69.4914858679887
93,1,93,84280000000.0,35.18298296507858,-97.43750659845304,4.701205546121317,-127.13276749636019,175.93340664130548,69.4926377861907
94,1,94,84290000000.0,35.182982975499414,-97.43750606178027,4.711886897489002,-126.46742917764684,175.8849519846356,69.49378970517813
95,1,95,84300000000.0,35.18298298592024,-97.4375055251075,4.722568248856688,-125.5745949680892,175.83649732796565,69.49494162338013
96,1,96,84310000000.0,35.182982996341075,-97.43750498843472,4.733249600224373,-123.78800147632175,175.78804267129573,69.49609354236756
97,1,97,84320000000.0,35.18298301645521,-97.43750445444061,4.741146712686505,-122.02822821432967,175.73982986328764,69.49831695897586
98,1,98,84330000000.0,35.18298304181448,-97.43750392189595,4.747537248623324,-121.60392667411405,175.69174792202395,69.50112017270811
99,1,99,84340000000.0,35.18298306717375,-97.43750338935129,4.753927784560143,-120.48618889512161,175.64366598076023,69.50392338644036
100,1,100,84350000000.0,35.182983092533014,-97.43750285680662,4.760318320496961,-119.07211560598361,175.59558403821347,69.50672659938718
101,1,101,84360000000.0,35.182983117892284,-97.43750232426196,4.76670885643378,-117.06389023618497,175.54750209694976,69.50952981311943
102,1,102,84370000000.0,35.182983143251555,-97.4375017917173,4.773099392370599,-115.95119654899321,175.49942015568607,69.51233302685168
103,1,103,84380000000.0,35.182983168610825,-97.43750125917263,4.7794899283074175,-115.69916284882133,175.45133821442235,69.51513624058393
104,1,104,84390000000.0,35.182983193970095,-97.43750072662797,4.7858804642442365,-115.00219753164505,175.40325627315866,69.51793945431618
105,1,105,84400000000.0,35.182983219329365,-97.43750019408331,4.792271000181056,-113.90686516816072,175.35517433189491,69.52074266804843
106,1,106,84410000000.0,35.182983244688636,-97.43749966153865,4.798661536117874,-111.19404282775463,175.30709239063123,69.52354588178068
107,1,107,84420000000.0,35.182983270047906,-97.43749912899399,4.805052072054693,-110.4,175.25901044936754,69.52634909551293
108,1,108,84430000000.0,35.182983295407176,-97.43749859644933,4.811442607991512,-110.4,175.21092850810382,69.52915230924518
109,1,109,84440000000.0,35.182983320766446,-97.43749806390467,4.81783314392833,-109.24152612975749,175.16284656684013,69.53195552297743
110,1,110,84450000000.0,35.18298334612571,-97.43749753136001,4.824223679865149,-108.05205456710708,175.1147646255764,69.53475873592424
111,1,111,84460000000.0,35.18298337148498,-97.43749699881535,4.830614215801968,-106.46494330719547,175.0666826843127,69.53756194965649
112,1,112,84470000000.0,35.18298339684425,-97.43749646627069,4.837004751738786,-105.63211589531345,175.018600743049,69.54036516338874
113,1,113,84480000000.0,35.18298342220352,-97.43749593372603,4.843395287675605,-105.3968843116316,174.9705188017853,69.54316837712099
114,1,114,84490000000.0,35.18298344756279,-97.43749540118137,4.849785823612424,-104.5095340701352,174.9224368605216,69.54597159085324
115,1,115,84500000000.0,35.18298347292206,-97.4374948686367,4.856176359549242,-102.99092057834089,174.87435491925788,69.54877480458549
116,1,116,84510000000.0,35.18298349828133,-97.43749433609204,4.8625668954860615,-101.27404897816655,174.82627297799417,69.55157801831774
117,1,117,84520000000.0,35.18298350973594,-97.43749374018327,4.882569245569142,-100.02071657246285,174.7724700714402,69.55284421087455
118,1,118,84530000000.0,35.18298352017969,-97.43749313966794,4.903561172825869,-99.7431145337258,174.71825125149627,69.55399866288644
119,1,119,84540000000.0,35.18298353062343,-97.4374925391526,4.924553100082596,-98.64142651413344,174.6640324315523,69.5551531141129
120,1,120,84550000000.0,35.18298354106718,-97.43749193863728,4.945545027339322,-97.5309455729405,174.60981361289143,69.55630756612479
121,1,121,84560000000.0,35.18298355151092,-97.43749133812194,4.966536954596049,-96.02183627148972,174.5555947929475,69.55746201735124
122,1,122,84570000000.0,35.182983561954664,-97.43749073760661,4.987528881852776,-93.81020567075345,174.50137597300352,69.5586164685777
123,1,123,84580000000.0,35.18298357239841,-97.43749013709127,5.008520809109502,-93.3,174.44715715305958,69.55977092058959
124,1,124,84590000000.0,35.182983582842155,-97.43748953657595,5.029512736366229,-93.3,174.3929383343987,69.56092537181604
125,1,125,84600000000.0,35.182983593285904,-97.43748893606062,5.050504663622956,-91.81920475971643,174.33871951445474,69.56207982382793
126,1,126,84610000000.0,35.182983603729646,-97.43748833554528,5.071496590879683,-90.0674198368621,174.28450069451083,69.56323427505438
127,1,127,84620000000.0,35.182983614173395,-97.43748773502995,5.092488518136409,-88.68556517097282,174.23028187456688,69.56438872706627
128,1,128,84630000000.0,35.18298362461714,-97.43748713451463,5.113480445393136,-88.33406283577533,174.176063055906,69.56554317829273
129,1,129,84640000000.0,35.182983635060886,-97.43748653399929,5.134472372649863,-87.14694722684635,174.12184423596204,69.56669763030462
130,1,130,84650000000.0,35.18298364550463,-97.43748593348396,5.155464299906589,-85.71661919936783,174.0676254160181,69.56785208153107
131,1,131,84660000000.0,35.18298365594837,-97.43748533296862,5.176456227163316,-83.55544783831536,174.01340659607416,69.56900653275753
132,1,132,84670000000.0,35.18298366639212,-97.43748473245329,5.197448154420043,-81.90060458244788,173.95918777613022,69.57016098476942
133,1,133,84680000000.0,35.18298367683586,-97.43748413193796,5.218440081676769,-81.574589454948,173.90496895746932,69.57131543599587
134,1,134,84690000000.0,35.18298368727961,-97.43748353142263,5.239432008933496,-80.01167151394502,173.85075013752538,69.57246988800776
135,1,135,84700000000.0,35.18298369772335,-97.4374829309073,5.2604239361902225,-78.25385545022235,173.79653131758144,69.57362433923421
136,1,136,84710000000.0,35.18298368557294,-97.437482370795,5.272069258912585,-76.66972564353149,173.74596037285284,69.57228123305882
137,1,137,84720000000.0,35.18298366712421,-97.43748182194538,5.281109134843056,-73.15091634092062,173.69640630388844,69.57024191038457
138,1,138,84730000000.0,35.18298364867549,-97.43748127309577,5.290149010773526,-70.7,173.64685223492407,69.56820258849575
139,1,139,84740000000.0,35.182983630226765,-97.43748072424616,5.299188886703996,-70.7,173.5972981659597,69.56616326660694
140,1,140,84750000000.0,35.182983611778035,-97.43748017539656,5.3082287626344655,-70.7,173.5477440982784,69.56412394393269
141,1,141,84760000000.0,35.18298359332931,-97.43747962654695,5.317268638564936,-69.78866130586947,173.49819002931403,69.56208462204387
142,1,142,84770000000.0,35.18298357488058,-97.43747907769733,5.326308514495406,-68.53906613210893,173.44863596034966,69.56004529936962
143,1,143,84780000000.0,35.18298355643186,-97.43747852884772,5.335348390425876,-67.01158821039718,173.3990818913853,69.5580059774808
144,1,144,84790000000.0,35.18298353798313,-97.4374779799981,5.344388266356347,-65.81419614411037,173.34952782242092,69.55596665480655
145,1,145,84800000000.0,35.1829835195344,-97.4374774311485,5.353428142286817,-64.35228205924922,173.29997375345653,69.55392733291774
146,1,146,84810000000.0,35.18298350108567,-97.4374768822989,5.362468018217287,-63.38518025092655,173.25041968577526,69.55188801024349
147,1,147,84820000000.0,35.18298348263695,-97.43747633344928,5.371507894147757,-62.17985175458151,173.20086561681086,69.54984868835467
148,1,148,84830000000.0,35.182983464188226,-97.43747578459967,5.380547770078228,-60.729058180204845,173.15131154784652,69.54780936646586
149,1,149,84840000000.0,35.182983445739495,-97.43747523575006,5.389587646008698,-59.551616280370794,173.10175747888212,69.5457700437916
150,1,150,84850000000.0,35.18298342729077,-97.43747468690044,5.398627521939168,-58.32696195903049,173.05220340991775,69.54373072190279
151,1,151,84860000000.0,35.18298340884204,-97.43747413805085,5.407667397869638,-57.15970611268909,173.00264934223645,69.54169139922854
152,1,152,84870000000.0,35.18298339039332,-97.43747358920123,5.4167072738001085,-55.940413373582956,172.95309527327206,69.53965207733972
153,1,153,84880000000.0,35.18298337194459,-97.43747304035162,5.4257471497305785,-54.48273547912344,172.90354120430771,69.53761275466547
154,1,154,84890000000.0,35.182983353495864,-97.437472491502,5.434787025661048,-53.314960621610254,172.85398713534335,69.53557343277666
155,1,155,84900000000.0,35.18298333504713,-97.4374719426524,5.443826901591519,-52.0811781313245,172.80443306637898,69.53353411010241
156,1,156,84910000000.0,35.18298331659841,-97.43747139380278,5.452866777521989,-49.665709760637625,172.7548789974146,69.53149478821359
157,1,157,84920000000.0,35.18298329800443,-97.43747083614184,5.462900777850703,-48.5,172.7045293788413,69.52943940969874
158,1,158,84930000000.0,35.182983278107436,-97.43747019943794,5.481852667235937,-48.5,172.64704319622936,69.52723999595165
159,1,159,84940000000.0,35.182983258210434,-97.43746956273405,5.50080455662117,-47.676957154791744,172.58955701490052,69.52504058141912
160,1,160,84950000000.0,35.18298323831344,-97.43746892603015,5.5197564460064035,-46.706451276686316,172.5320708322886,69.52284116767203
161,1,161,84960000000.0,35.182983218416446,-97.43746828932626,5.538708335391636,-45.9229920617433,172.47458465095974,69.52064175392493
162,1,162,84970000000.0,35.182983198519445,-97.43746765262236,5.557660224776869,-45.08909927609454,172.41709846834783,69.51844233939241
163,1,163,84980000000.0,35.18298317862245,-97.43746701591847,5.576612114162103,-44.04996309860674,172.359612287019,69.51624292564532
164,1,164,84990000000.0,35.182983158725456,-97.43746637921457,5.595564003547336,-43.41345486188061,172.30212610440708,69.51404351189822
165,1,165,85000000000.0,35.182983138828455,-97.43746574251068,5.61451589293257,-42.62637563739512,172.2446399230782,69.5118440973657
166,1,166,85010000000.0,35.18298311893146,-97.43746510580678,5.633467782317803,-42.04073715097803,172.1871537404663,69.5096446836186
167,1,167,85020000000.0,35.182983099034466,-97.43746446910289,5.6524196717030355,-41.46787576198163,172.12966755913746,69.50744526987151
168,1,168,85030000000.0,35.182983079137465,-97.43746383239899,5.671371561088269,-40.79210599522282,172.07218137652555,69.50524585533898
169,1,169,85040000000.0,35.18298305924047,-97.4374631956951,5.690323450473502,-40.314420279028674,172.01469519519668,69.50304644159189
170,1,170,85050000000.0,35.182983039343476,-97.4374625589912,5.709275339858736,-39.86292376692226,171.95720901258477,69.5008470278448
171,1,171,85060000000.0,35.182983019446475,-97.43746192228731,5.728227229243969,-38.678403613742944,171.89972283125593,69.49864761331227
172,1,172,85070000000.0,35.18298299954948,-97.43746128558341,5.7471791186292025,-38.1,171.84223664864402,69.49644819956518
173,1,173,85080000000.0,35.182982979652486,-97.43746064887952,5.766131008014435,-38.1,171.78475046731515,69.49424878581809
174,1,174,85090000000.0,35.182982959755485,-97.43746001217562,5.785082897399668,-38.1,171.72726428470324,69.49204937128556
175,1,175,85100000000.0,35.18298293985849,-97.43745937547173,5.804034786784902,-37.742371260950144,171.6697781033744,69.48984995753847
176,1,176,85110000000.0,35.182982919961496,-97.43745873876783,5.822986676170135,-37.4195377908398,171.6122919207625,69.48765054379137
177,1,177,85120000000.0,35.182982900064495,-97.43745810206394,5.841938565555369,-37.01349370883468,171.55480573943362,69.48545112925885
178,1,178,85130000000.0,35.18298289496377,-97.4374574352181,5.853633683146734,-36.488731373760196,171.49459812747003,69.4848872952943
179,1,179,85140000000.0,35.182982889911166,-97.43745676827425,5.865305200684721,-36.030899617840255,171.43438166497504,69.4843287802884
180,1,180,85150000000.0,35.18298288485856,-97.43745610133038,5.876976718222707,-35.49281513229144,171.37416520248004,69.48377026528249
181,1,181,85160000000.0,35.182982879805955,-97.43745543438654,5.888648235760693,-34.97511096046515,171.31394874126812,69.48321175027658
182,1,182,85170000000.0,35.18298287475335,-97.43745476744267,5.900319753298679,-34.41548193968798,171.25373227877313,69.48265323527067
183,1,183,85180000000.0,35.182982869700744,-97.43745410049881,5.911991270836665,-33.62426273881238,171.19351581627814,69.48209472026477
184,1,184,85190000000.0,35.18298286464814,-97.43745343355495,5.923662788374651,-33.182448682949065,171.13329935378314,69.48153620525886
185,1,185,85200000000.0,35.18298285959554,-97.43745276661109,5.9353343059126376,-32.67394341015309,171.07308289128815,69.48097769103839
186,1,186,85210000000.0,35.182982854542935,-97.43745209966723,5.947005823450623,-31.9420276893683,171.01286642879316,69.48041917603248
187,1,187,85220000000.0,35.18298284949033,-97.43745143272338,5.95867734098861,-31.36160686816359,170.9526499675812,69.47986066102658
188,1,188,85230000000.0,35.182982844437724,-97.43745076577952,5.970348858526595,-30.6,170.89243350508622,69.47930214602067
189,1,189,85240000000.0,35.18298283938512,-97.43745009883565,5.982020376064582,-30.6,170.83221704259122,69.47874363101477
190,1,190,85250000000.0,35.18298283433251,-97.43744943189179,5.993691893602567,-29.17134043880201,170.77200058009623,69.47818511600886
191,1,191,85260000000.0,35.18298282927991,-97.43744876494793,6.005363411140554,-27.280765821527428,170.71178411760124,69.47762660100295
192,1,192,85270000000.0,35.1829828242273,-97.43744809800408,6.01703492867854,-26.335221749805807,170.65156765638932,69.47706808599705
193,1,193,85280000000.0,35.1829828191747,-97.43744743106022,6.028706446216526,-25.112821324577634,170.59135119389433,69.47650957099114
194,1,194,85290000000.0,35.18298281412209,-97.43744676411636,6.040377963754512,-24.072477979079952,170.53113473139933,69.47595105598523
195,1,195,85300000000.0,35.182982809069486,-97.4374460971725,6.052049481292498,-23.01158543473055,170.47091826890434,69.47539254097933
196,1,196,85310000000.0,35.18298280401688,-97.43744543022864,6.063720998830484,-22.008790059143298,170.41070180640935,69.47483402597342
197,1,197,85320000000.0,35.18298279701698,-97.4374447617869,6.076122223769766,-21.139022950696315,170.3503501057927,69.47406025729819
198,1,198,85330000000.0,35.182982782464805,-97.43744408753594,6.091353504929044,-19.708641855655863,170.2894739053372,69.47245165952779
199,1,199,85340000000.0,35.18298276791262,-97.43744341328495,6.106584786088322,-18.698869586663463,170.22859770359858,69.47084306097196
200,1,200,85350000000.0,35.18298275336044,-97.43744273903397,6.1218160672476,-17.715383948421252,170.16772150186,69.46923446320156
201,1,201,85360000000.0,35.18298273880826,-97.43744206478299,6.137047348406878,-16.923733589856397,170.10684530012142,69.46762586543116
202,1,202,85370000000.0,35.182982724256085,-97.437441390532,6.152278629566157,-16.322056402663552,170.04596909838284,69.46601726766076
203,1,203,85380000000.0,35.18298270970391,-97.43744071628103,6.167509910725435,-15.220844415486237,169.98509289792733,69.46440866989036
204,1,204,85390000000.0,35.18298269515173,-97.43744004203005,6.1827411918847135,-14.489006000516802,169.92421669618872,69.46280007211996
205,1,205,85400000000.0,35.182982680599544,-97.43743936777906,6.197972473043992,-13.259937172394269,169.86334049445014,69.46119147356413
206,1,206,85410000000.0,35.182982666047366,-97.43743869352808,6.21320375420327,-11.4,169.80246429271156,69.45958287579373
207,1,207,85420000000.0,35.18298265149519,-97.4374380192771,6.228435035362548,-11.4,169.74158809097298,69.45797427802333
208,1,208,85430000000.0,35.18298263694301,-97.43743734502613,6.243666316521826,-11.4,169.68071189051744,69.45636568025293
209,1,209,85440000000.0,35.18298262239083,-97.43743667077514,6.258897597681104,-11.216795213337543,169.61983568877886,69.45475708248253
210,1,210,85450000000.0,35.18298260783865,-97.43743599652416,6.274128878840383,-10.643273271683396,169.5589594870403,69.45314848471213
211,1,211,85460000000.0,35.182982593286475,-97.43743532227317,6.289360159999661,-10.140320864031596,169.4980832853017,69.45153988694173
212,1,212,85470000000.0,35.18298257873429,-97.43743464802219,6.304591441158939,-9.792623898626399,169.43720708356312,69.4499312883859
213,1,213,85480000000.0,35.18298256418211,-97.4374339737712,6.319822722318217,-9.623129929451823,169.37633088182452,69.4483226906155
214,1,214,85490000000.0,35.18298254962993,-97.43743329952024,6.335054003477495,-9.237424185666137,169.31545468136903,69.4467140928451
215,1,215,85500000000.0,35.182982535077755,-97.43743262526925,6.350285284636773,-9.045113733510785,169.25457847963042,69.4451054950747
216,1,216,85510000000.0,35.18298252052558,-97.43743195101827,6.365516565796051,-8.881591843467879,169.19370227789184,69.4434968973043
217,1,217,85520000000.0,35.1829825059734,-97.43743127676728,6.380747846955329,-8.75261425783733,169.13282607615324,69.4418882995339
218,1,218,85530000000.0,35.18298249113621,-97.43743056862884,6.397104721886106,-8.6,169.06889027213387,69.4402481964373
219,1,219,85540000000.0,35.18298247610058,-97.4374298368946,6.41424534602234,-8.567806907557035,169.0028240702712,69.43858615774161
220,1,220,85550000000.0,35.18298246106494,-97.43742910516035,6.431385970158574,-8.5,168.9367578684085,69.43692411826049
221,1,221,85560000000.0,35.18298244602931,-97.4374283734261,6.448526594294808,-8.5,168.87069166654587,69.43526207956481
222,1,222,85570000000.0,35.18298243099367,-97.43742764169185,6.465667218431042,-8.5,168.80462546468317,69.43360004008369
223,1,223,85580000000.0,35.18298241595803,-97.43742690995761,6.482807842567277,-8.5,168.7385592628205,69.43193800060257
224,1,224,85590000000.0,35.1829824009224,-97.43742617822336,6.49994846670351,-8.464221123425663,168.67249306095783,69.43027596190689
225,1,225,85600000000.0,35.18298238588676,-97.43742544648912,6.517089090839744,-8.4,168.60642685909517,69.42861392242577
226,1,226,85610000000.0,35.18298237085113,-97.43742471475485,6.534229714975979,-8.4,168.54036065594943,69.42695188373008
227,1,227,85620000000.0,35.18298235581549,-97.43742398302061,6.5513703391122124,-8.4,168.47429445408673,69.42528984424897
228,1,228,85630000000.0,35.18298234077986,-97.43742325128636,6.568510963248447,-8.4,168.4082282522241,69.42362780555328
229,1,229,85640000000.0,35.18298232574422,-97.43742251955211,6.585651587384681,-8.366090097688152,168.34216205036142,69.42196576607216
230,1,230,85650000000.0,35.18298231070859,-97.43742178781787,6.6027922115209154,-8.3,168.27609584849873,69.42030372737648
231,1,231,85660000000.0,35.18298229567295,-97.43742105608362,6.619932835657149,-8.270330892147008,168.21002964663606,69.41864168789536
232,1,232,85670000000.0,35.18298228063731,-97.43742032434938,6.637073459793383,-8.2,168.1439634447734,69.41697964841424
233,1,233,85680000000.0,35.18298226560168,-97.43741959261513,6.6542140839296176,-8.165693358514858,168.07789724291072,69.41531760971856
234,1,234,85690000000.0,35.18298225056604,-97.43741886088088,6.671354708065851,-8.074638921561032,168.01183104104803,69.41365557023744
235,1,235,85700000000.0,35.18298223553041,-97.43741812914664,6.688495332202086,-8.002713453033136,167.94576483918536,69.41199353154175
236,1,236,85710000000.0,35.18298222049477,-97.43741739741239,6.70563595633832,-7.817998869909569,167.8796986373227,69.41033149206064
237,1,237,85720000000.0,35.18298220545914,-97.43741666567814,6.722776580474553,-7.710332689131608,167.81363243546002,69.40866945336495
238,1,238,85730000000.0,35.1829822,-97.43741593689406,6.7338471755852725,-7.6,167.7478325950749,69.40806599975616
239,1,239,85740000000.0,35.1829822,-97.43741520979172,6.741457513376998,-7.6,167.68218459557696,69.40806599975616
240,1,240,85750000000.0,35.1829822,-97.43741448268938,6.749067851168725,-7.577485951075776,167.61653659479597,69.40806599975616
241,1,241,85760000000.0,35.1829822,-97.43741375558704,6.756678188960451,-7.414375300480402,167.55088859529803,69.40806599975616
242,1,242,85770000000.0,35.1829822,-97.43741302848471,6.764288526752177,-7.22058031596806,167.48524059580012,69.40806599975616
243,1,243,85780000000.0,35.1829822,-97.43741230138237,6.771898864543903,-7.182455376303305,167.41959259501914,69.40806599975616
244,1,244,85790000000.0,35.1829822,-97.43741157428003,6.779509202335629,-7.0858185712045,167.3539445955212,69.40806599975616
245,1,245,85800000000.0,35.1829822,-97.4374108471777,6.787119540127355,-6.974607296861282,167.28829659602326,69.40806599975616
246,1,246,85810000000.0,35.1829822,-97.43741012007536,6.794729877919082,-6.8207734733877485,167.22264859524228,69.40806599975616
247,1,247,85820000000.0,35.1829822,-97.43740939297302,6.8023402157108075,-6.612155225742435,167.15700059574436,69.40806599975616
248,1,248,85830000000.0,35.1829822,-97.43740866587069,6.809950553502533,-6.58961000288814,167.09135259624642,69.40806599975616
249,1,249,85840000000.0,35.1829822,-97.43740793876835,6.81756089129426,-6.4840004453031606,167.02570459546544,69.40806599975616
250,1,250,85850000000.0,35.1829822,-97.43740721166601,6.825171229085986,-6.361110470143584,166.96005659596753,69.40806599975616
251,1,251,85860000000.0,35.1829822,-97.43740648456368,6.8327815668777125,-6.117190480778495,166.89440859646956,69.40806599975616
252,1,252,85870000000.0,35.1829822,-97.43740575746133,6.840391904669438,-6.0109771136186065,166.82876059568858,69.40806599975616
253,1,253,85880000000.0,35.1829822,-97.437405030359,6.848002242461164,-5.984949692979,166.76311259619067,69.40806599975616
254,1,254,85890000000.0,35.1829822,-97.43740430325667,6.855612580252891,-5.877151166395311,166.69746459669273,69.40806599975616
255,1,255,85900000000.0,35.1829822,-97.43740357615432,6.863222918044617,-5.63694506741967,166.63181659591174,69.40806599975616
256,1,256,85910000000.0,35.1829822,-97.43740284905199,6.8708332558363425,-5.216442046568019,166.5661685964138,69.40806599975616
257,1,257,85920000000.0,35.1829822,-97.43740212194965,6.878443593628069,-5.2,166.50052059563282,69.40806599975616
258,1,258,85930000000.0,35.182982199824444,-97.43740139302172,6.886185209870516,-5.2,166.43470776813854,69.4080465940398
259,1,259,85940000000.0,35.18298217505172,-97.43740040830596,6.912320432758168,-5.191167319039824,166.34580058618326,69.40530821709388
260,1,260,85950000000.0,35.182982150278995,-97.43739942359022,6.9384556556458215,-5.072790112761728,166.25689340551108,69.40256984014795
261,1,261,85960000000.0,35.18298212550627,-97.43739843887448,6.964590878533474,-4.806836367614387,166.16798622483884,69.39983146320202
262,1,262,85970000000.0,35.182982100733554,-97.43739745415874,6.990726101421126,-4.8,166.07907904416663,69.39709308704153
263,1,263,85980000000.0,35.18298207596083,-97.437396469443,7.016861324308779,-4.670488387352185,165.99017186349442,69.3943547100956
264,1,264,85990000000.0,35.182982051188105,-97.43739548472725,7.042996547196432,-4.492618567372868,165.90126468153915,69.39161633314967
265,1,265,86000000000.0,35.18298202641538,-97.43739450001151,7.069131770084084,-4.379578540654447,165.81235750086694,69.38887795620374
266,1,266,86010000000.0,35.18298200164266,-97.43739351529577,7.0952669929717365,-4.215218205602617,165.72345032019473,69.38613957925782
267,1,267,86020000000.0,35.18298197686994,-97.43739253058003,7.12140221585939,-3.8321487442910227,165.63454313952252,69.38340120309732
268,1,268,86030000000.0,35.182981952097215,-97.43739154586427,7.147537438747042,-3.78118625403977,165.54563595756724,69.3806628261514
269,1,269,86040000000.0,35.18298192732449,-97.43739056114853,7.173672661634694,-3.56958146484375,165.45672877689503,69.37792444920547
270,1,270,86050000000.0,35.18298190255177,-97.43738957643279,7.199807884522348,-3.345627021298022,165.3678215962228,69.37518607225954
271,1,271,86060000000.0,35.18298187777904,-97.43738859171705,7.22594310741,-2.93290664925537,165.2789144155506,69.37244769531361
272,1,272,86070000000.0,35.182981853006325,-97.4373876070013,7.252078330297652,-2.5531445508535615,165.19000723359534,69.36970931915312
273,1,273,86080000000.0,35.1829818282336,-97.43738662228556,7.278213553185306,-2.5,165.10110005292313,69.36697094220719
274,1,274,86090000000.0,35.182981803460876,-97.43738563756982,7.304348776072958,-2.487001059255633,165.01219287225092,69.36423256526126
275,1,275,86100000000.0,35.18298179336497,-97.43738494929205,7.317289049688612,-2.2804787199683996,164.95005023234384,69.36311656338248
276,1,276,86110000000.0,35.18298178565245,-97.43738430915349,7.328086567712504,-2.1113842512852026,164.89225394368808,69.36226402196652
277,1,277,86120000000.0,35.182981777939936,-97.43738366901492,7.338884085736396,-1.816649667152483,164.83445765503234,69.36141148055057
278,1,278,86130000000.0,35.18298177022743,-97.43738302887635,7.349681603760288,-1.7883764679812402,164.77666136637657,69.36055893992005
279,1,279,86140000000.0,35.18298176251491,-97.43738238873779,7.36047912178418,-1.6811750028598915,164.71886507772084,69.3597063985041
280,1,280,86150000000.0,35.1829817548024,-97.43738174859921,7.371276639808072,-1.55479452147021,164.66106878778203,69.35885385708815
281,1,281,86160000000.0,35.18298174708989,-97.43738110846064,7.382074157831964,-1.2181679705896116,164.60327249912626,69.35800131645763
282,1,282,86170000000.0,35.182981739377375,-97.43738046832208,7.392871675855856,-1.0148028798239077,164.5454762104705,69.35714877504168
283,1,283,86180000000.0,35.18298173166486,-97.43737982818351,7.403669193879748,-0.9726670665858164,164.48767992181473,69.35629623362573
284,1,284,86190000000.0,35.182981723952345,-97.43737918804494,7.41446671190364,-0.7931704649984154,164.429883633159,69.35544369220978
285,1,285,86200000000.0,35.18298171623984,-97.43737854790636,7.4252642299275315,-0.6362378448819918,164.3720873432202,69.35459115157926
286,1,286,86210000000.0,35.18298170852732,-97.4373779077678,7.436061747951424,-0.3964182469534778,164.31429105456442,69.3537386101633
287,1,287,86220000000.0,35.18298170081481,-97.43737726762923,7.4468592659753154,0.28816972246582045,164.25649476590868,69.35288606874735
288,1,288,86230000000.0,35.182981686598296,-97.43737644057015,7.461937771454941,0.7,164.18182195599232,69.35131457566172
289,1,289,86240000000.0,35.18298167161348,-97.43737559143057,7.477521980287814,0.7,164.10515556066602,69.34965815438957
290,1,290,86250000000.0,35.18298165662866,-97.43737474229098,7.493106189120688,0.7,164.02848916533972,69.348001732332
291,1,291,86260000000.0,35.18298164164385,-97.43737389315139,7.508690397953562,0.901274322399728,163.95182276873035,69.34634531105985
292,1,292,86270000000.0,35.18298162665903,-97.4373730440118,7.5242746067864354,1.424419129309721,163.87515637340408,69.34468888900227
293,1,293,86280000000.0,35.182981611674215,-97.43737219487222,7.53985881561931,1.7,163.79848997807778,69.34303246773013
294,1,294,86290000000.0,35.1829815966894,-97.43737134573264,7.555443024452183,1.7,163.72182358275148,69.34137604645798
295,1,295,86300000000.0,35.18298158170458,-97.43737049659306,7.571027233285057,1.968403310700546,163.64515718742518,69.3397196244004
296,1,296,86310000000.0,35.18298156671977,-97.43736964745348,7.586611442117931,2.219264091774337,163.56849079209888,69.33806320312826
297,1,297,86320000000.0,35.182981551734954,-97.4373687983139,7.602195650950804,2.484838542427428,163.49182439677259,69.33640678185611
298,1,298,86330000000.0,35.182981536750134,-97.4373679491743,7.6177798597836786,2.8481196765310837,163.41515800016322,69.33475035979853
299,1,299,86340000000.0,35.18298152176532,-97.43736710003472,7.633364068616553,3.0623709279482556,163.33849160483692,69.33309393852639
300,1,300,86350000000.0,35.18298150678051,-97.43736625089514,7.648948277449426,3.3659306987877797,163.26182520951062,69.33143751725424
301,1,301,86360000000.0,35.18298149179569,-97.43736540175556,7.6645324862823,3.6120631440911977,163.18515881418432,69.32978109519667
302,1,302,86370000000.0,35.18298147681087,-97.43736455261597,7.680116695115173,3.905311569154127,163.10849241885802,69.32812467392452
303,1,303,86380000000.0,35.18298146182605,-97.4373637034764,7.6957009039480475,4.17566992074964,163.03182602353172,69.32646825186694
304,1,304,86390000000.0,35.18298144684124,-97.4373628543368,7.711285112780922,4.4479336520286274,162.95515962692238,69.3248118305948
305,1,305,86400000000.0,35.182981431856426,-97.43736200519722,7.726869321613795,4.669371824009434,162.8784932315961,69.32315540932265
306,1,306,86410000000.0,35.182981416871606,-97.43736115605763,7.742453530446669,4.990901012259862,162.8018268362698,69.32149898726507
307,1,307,86420000000.0,35.18298140188679,-97.43736030691805,7.758037739279542,5.1,162.7251604409435,69.31984256599293
308,1,308,86430000000.0,35.18298137781601,-97.43735942356038,7.768696123689362,5.243011833423707,162.64540459171795,69.31718178206594
309,1,309,86440000000.0,35.18298135243639,-97.43735853527356,7.77864493618616,5.3,162.56520370369464,69.31437631885089
310,1,310,86450000000.0,35.182981327056766,-97.43735764698673,7.788593748682956,5.7294620612272,162.48500281438822,69.3115708548504
311,1,311,86460000000.0,35.18298130167714,-97.43735675869989,7.798542561179753,5.8,162.40480192508184,69.30876539084991
312,1,312,86470000000.0,35.18298127629752,-97.43735587041307,7.808491373676549,6.039607005614572,162.3246010370585,69.30595992763486
313,1,313,86480000000.0,35.18298125091789,-97.43735498212624,7.818440186173347,6.612738523475932,162.24440014775212,69.30315446363437
314,1,314,86490000000.0,35.18298122553827,-97.4373540938394,7.828388998670143,6.784243425372414,162.1641992584457,69.30034900041932
315,1,315,86500000000.0,35.18298120015864,-97.43735320555257,7.83833781116694,6.98176903843974,162.08399836913932,69.29754353641883
316,1,316,86510000000.0,35.18298117477902,-97.43735231726575,7.8482866236637365,7.291869623846807,162.003797481116,69.29473807320377
317,1,317,86520000000.0,35.182981149399396,-97.43735142897891,7.858235436160534,7.587233389487718,161.9235965918096,69.29193260920329
318,1,318,86530000000.0,35.182981124019776,-97.43735054069208,7.868184248657331,7.852101981334022,161.84339570250322,69.28912714598823
319,1,319,86540000000.0,35.18298109864015,-97.43734965240526,7.878133061154127,8.147516487839482,161.76319481447985,69.28632168198774
320,1,320,86550000000.0,35.18298107326053,-97.43734876411843,7.888081873650924,8.367190793658068,161.68299392517346,69.28351621877269
321,1,321,86560000000.0,35.1829810478809,-97.43734787583159,7.898030686147721,8.599916252237914,161.60279303586708,69.2807107547722
322,1,322,86570000000.0,35.18298102250128,-97.43734698754477,7.907979498644518,9.193876480597755,161.52259214784374,69.27790529155715
323,1,323,86580000000.0,35.18298099712165,-97.43734609925794,7.917928311141314,9.82990853725718,161.44239125853736,69.27509982755666
324,1,324,86590000000.0,35.182980971742026,-97.4373452109711,7.927877123638111,9.9,161.36219036923094,69.27229436355617
325,1,325,86600000000.0,35.182980946362406,-97.43734432268428,7.937825936134908,10.140131314833978,161.28198948120763,69.26948890034112
326,1,326,86610000000.0,35.18298092098278,-97.43734343439745,7.947774748631705,10.896433167572331,161.20178859190122,69.26668343634063
327,1,327,86620000000.0,35.18298089915546,-97.43734254798316,7.958288698048893,11.2,161.12175676981354,69.26427064454046
328,1,328,86630000000.0,35.18298089428058,-97.43734167050509,7.971499617797368,11.2,161.0425317728451,69.2637317755937
329,1,329,86640000000.0,35.182980889405705,-97.43734079302703,7.984710537545841,11.2,160.96330677715974,69.26319290664694
330,1,330,86650000000.0,35.18298088453083,-97.43733991554896,7.997921457294315,11.281122288969234,160.8840817801913,69.26265403770017
331,1,331,86660000000.0,35.18298087965595,-97.4373390380709,8.01113237704279,11.446294884735332,160.80485678450594,69.26211516875341
332,1,332,86670000000.0,35.18298087478107,-97.43733816059283,8.024343296791264,11.566324902846649,160.72563178753754,69.26157629980665
333,1,333,86680000000.0,35.18298086990619,-97.43733728311477,8.037554216539737,11.6,160.64640679185217,69.26103743007445
334,1,334,86690000000.0,35.18298086503131,-97.43733640563671,8.050765136288211,11.676887468397165,160.5671817961668,69.26049856112769
335,1,335,86700000000.0,35.182980860156434,-97.43733552815864,8.063976056036685,11.791681963698077,160.48795679919837,69.25995969218093
336,1,336,86710000000.0,35.182980855281556,-97.43733465068058,8.07718697578516,11.917767842651571,160.40873180351298,69.25942082323417
337,1,337,86720000000.0,35.18298085040668,-97.43733377320251,8.090397895533634,12.0,160.32950680654457,69.2588819542874
338,1,338,86730000000.0,35.1829808455318,-97.43733289572445,8.103608815282108,12.026574354831842,160.2502818108592,69.25834308534064
339,1,339,86740000000.0,35.182980840656924,-97.43733201824638,8.116819735030582,12.146834234444592,160.17105681389077,69.25780421639388
340,1,340,86750000000.0,35.18298083578205,-97.43733114076832,8.130030654779056,12.261562830324038,160.0918318182054,69.25726534744712
341,1,341,86760000000.0,35.18298083090717,-97.43733026329026,8.14324157452753,12.47840366046263,160.01260682252004,69.25672647850035
342,1,342,86770000000.0,35.18298082603229,-97.43732938581219,8.156452494276003,12.7,159.9333818255516,69.25618760955359
343,1,343,86780000000.0,35.182980821157415,-97.43732850833413,8.169663414024479,12.7,159.85415682986624,69.25564874060683
344,1,344,86790000000.0,35.18298081628254,-97.43732763085606,8.182874333772952,12.7,159.77493183289783,69.25510987166007
345,1,345,86800000000.0,35.18298081140766,-97.437326753378,8.196085253521426,12.737484005897391,159.69570683721244,69.2545710027133
346,1,346,86810000000.0,35.18298080653278,-97.43732587589993,8.2092961732699,12.825106035218653,159.61648184024403,69.25403213376654
347,1,347,86820000000.0,35.182980801657905,-97.43732499842187,8.222507093018374,12.98909628106188,159.53725684455864,69.25349326481978
348,1,348,86830000000.0,35.18298079328735,-97.43732407572307,8.235290129209512,13.1,159.453948996598,69.2525679835812
349,1,349,86840000000.0,35.18298078311526,-97.43732312971935,8.247852651727007,13.151224516802092,159.36853701370035,69.25144356106514
350,1,350,86850000000.0,35.18298077294318,-97.43732218371562,8.260415174244502,13.31824800400101,159.28312503080267,69.25031913933452
351,1,351,86860000000.0,35.182980762771095,-97.43732123771191,8.272977696761997,13.484180215533259,159.19771304918808,69.24919471681847
352,1,352,86870000000.0,35.182980752599015,-97.43732029170819,8.285540219279492,13.6,159.11230106629046,69.24807029508784
353,1,353,86880000000.0,35.182980742426935,-97.43731934570447,8.298102741796987,13.64570961859044,159.02688908339277,69.24694587335722
354,1,354,86890000000.0,35.18298073225485,-97.43731839970074,8.310665264314482,13.820504343328107,158.94147710049512,69.24582145084116
355,1,355,86900000000.0,35.18298072208277,-97.43731745369703,8.323227786831977,14.071872420713776,158.85606511888054,69.24469702911054
356,1,356,86910000000.0,35.18298071191068,-97.43731650769331,8.335790309349473,14.315880620661554,158.77065313598288,69.24357260659448
357,1,357,86920000000.0,35.1829807017386,-97.43731556168959,8.348352831866968,14.53234792725248,158.68524115308523,69.24244818486386
358,1,358,86930000000.0,35.18298069156651,-97.43731461568586,8.360915354384463,15.1,158.59982917018758,69.2413237623478
359,1,359,86940000000.0,35.18298068139443,-97.43731366968214,8.373477876901958,15.1,158.51441718728992,69.24019934061718
360,1,360,86950000000.0,35.18298067122235,-97.43731272367843,8.386040399419453,15.1,158.4290052056753,69.23907491888656
361,1,361,86960000000.0,35.182980661050266,-97.43731177767471,8.398602921936948,15.189493503894361,158.34359322277768,69.2379504963705
362,1,362,86970000000.0,35.182980650878186,-97.43731083167098,8.411165444454443,15.385577588579688,158.25818123988003,69.23682607463988
363,1,363,86980000000.0,35.1829806407061,-97.43730988566726,8.423727966971938,15.557610950947959,158.17276925698238,69.23570165212382
364,1,364,86990000000.0,35.18298063053402,-97.43730893966355,8.436290489489433,15.715639846786146,158.08735727536776,69.2345772303932
365,1,365,87000000000.0,35.18298062036193,-97.43730799365983,8.448853012006929,15.844632556301239,158.0019452924701,69.23345280787714
366,1,366,87010000000.0,35.18298061018985,-97.4373070476561,8.461415534524424,15.942628970363904,157.9165333095725,69.23232838614652
367,1,367,87020000000.0,35.18298060001777,-97.43730610165238,8.473978057041919,16.0,157.8311213266748,69.2312039644159
368,1,368,87030000000.0,35.18298060482775,-97.43730518272743,8.484331385757814,16.027205872974005,157.7481542087771,69.23173565920905
369,1,369,87040000000.0,35.18298060966395,-97.43730426384987,8.494680848922938,16.1,157.66519136987657,69.23227025303888
370,1,370,87050000000.0,35.182980614500146,-97.43730334497229,8.505030312088062,16.1,157.58222852969294,69.23280484608327
371,1,371,87060000000.0,35.18298061933634,-97.43730242609472,8.515379775253185,16.137231775195684,157.49926568950934,69.23333943912766
372,1,372,87070000000.0,35.182980624172544,-97.43730150721716,8.525729238418311,16.19636764986169,157.4163028506088,69.23387403295749
373,1,373,87080000000.0,35.18298062900874,-97.43730058833958,8.536078701583435,16.2,157.3333400104252,69.23440862600188
374,1,374,87090000000.0,35.182980633844934,-97.437299669462,8.546428164748558,16.2,157.25037717024156,69.23494321904627
375,1,375,87100000000.0,35.18298063868114,-97.43729875058445,8.556777627913682,16.368239155853093,157.167414331341,69.2354778128761
376,1,376,87110000000.0,35.18298064351733,-97.43729783170687,8.567127091078806,16.5,157.0844514911574,69.23601240592049
377,1,377,87120000000.0,35.18298064835353,-97.4372969128293,8.577476554243932,16.5,157.00148865097378,69.23654699896488
378,1,378,87130000000.0,35.18298065318973,-97.43729599395174,8.587826017409055,16.54527959290987,156.91852581207323,69.23708159279471
379,1,379,87140000000.0,35.182980658025926,-97.43729507507416,8.598175480574179,16.653321713350206,156.83556297188963,69.2376161858391
380,1,380,87150000000.0,35.18298066286212,-97.43729415619659,8.608524943739303,16.752398545692742,156.752600131706,69.2381507788835
381,1,381,87160000000.0,35.182980667698324,-97.43729323731901,8.618874406904427,16.894981360608828,156.66963729152238,69.23868537271332
382,1,382,87170000000.0,35.18298067253452,-97.43729231844145,8.629223870069552,17.09038245437007,156.58667445262185,69.23921996575771
383,1,383,87180000000.0,35.182980677370715,-97.43729139956388,8.639573333234676,17.29816898333362,156.50371161243822,69.2397545588021
384,1,384,87190000000.0,35.18298068220692,-97.4372904806863,8.6499227963998,17.5120877200334,156.42074877225463,69.24028915263193
385,1,385,87200000000.0,35.18298068704311,-97.43728956180874,8.660272259564923,17.87878434690784,156.33778593335407,69.24082374567632
386,1,386,87210000000.0,35.18298069187931,-97.43728864293116,8.670621722730047,18.3,156.25482309317044,69.24135833872072
387,1,387,87220000000.0,35.18298069671551,-97.43728772405359,8.680971185895173,18.3,156.17186025298685,69.24189293255054
388,1,388,87230000000.0,35.182980707962614,-97.43728671182255,8.69381270845603,18.634301626538708,156.0804687943509,69.24313618729457
389,1,389,87240000000.0,35.18298073277969,-97.43728550199035,8.711929170317232,19.09009411046055,155.97123648888075,69.24587946691915
390,1,390,87250000000.0,35.18298075759676,-97.43728429215813,8.730045632178435,19.40881315098003,155.86200418212755,69.2486227457583
391,1,391,87260000000.0,35.18298078241383,-97.43728308232592,8.748162094039639,19.968748044209036,155.75277187665742,69.25136602459744
392,1,392,87270000000.0,35.1829808072309,-97.4372818724937,8.766278555900842,20.763145897587158,155.64353956990422,69.25410930343659
393,1,393,87280000000.0,35.18298083204797,-97.4372806626615,8.784395017762044,20.8,155.5343072644341,69.25685258227574
394,1,394,87290000000.0,35.18298085686504,-97.43727945282927,8.802511479623247,20.911695537483208,155.4250749576809,69.25959586190032
395,1,395,87300000000.0,35.18298088168211,-97.43727824299707,8.82062794148445,21.297030569170342,155.31584265221076,69.26233914073947
396,1,396,87310000000.0,35.18298090649918,-97.43727703316485,8.838744403345652,21.611572346045296,155.20661034545753,69.26508241957862
397,1,397,87320000000.0,35.18298093131625,-97.43727582333263,8.856860865206855,22.068472293343856,155.09737803870436,69.26782569841777
398,1,398,87330000000.0,35.18298095613333,-97.43727461350042,8.874977327068057,22.40995270593987,154.98814573323423,69.27056897804235
399,1,399,87340000000.0,35.1829809809504,-97.4372734036682,8.89309378892926,22.73756942018759,154.878913426481,69.2733122568815
400,1,400,87350000000.0,35.182981005767466,-97.437272193836,8.911210250790463,23.134739681481822,154.76968112101088,69.27605553572064
401,1,401,87360000000.0,35.182981030584536,-97.43727098400377,8.929326712651665,23.56449336687095,154.66044881425768,69.27879881455979
402,1,402,87370000000.0,35.182981055401605,-97.43726977417157,8.947443174512868,24.029665992099908,154.55121650878755,69.28154209339894
403,1,403,87380000000.0,35.18298108021868,-97.43726856433935,8.96555963637407,24.150214053426584,154.44198420203435,69.28428537302352
404,1,404,87390000000.0,35.18298110345875,-97.43726742879188,8.980691749934701,24.467348496751804,154.339458854422,69.2868543302977
405,1,405,87400000000.0,35.18298112050408,-97.43726658504806,8.9841008158811,24.688727879502505,154.2632796270902,69.288738521129
406,1,406,87410000000.0,35.182981137549405,-97.43726574130424,8.9875098818275,24.911789175842507,154.18710039975846,69.29062271117488
407,1,407,87420000000.0,35.182981154594735,-97.43726489756042,8.990918947773899,25.20262753619177,154.1109211724267,69.29250690200618
408,1,408,87430000000.0,35.182981171640066,-97.4372640538166,8.994328013720297,25.8,154.03474194509496,69.29439109283749
409,1,409,87440000000.0,35.182981188685396,-97.43726321007279,8.997737079666697,25.8,153.9585627177632,69.29627528366879
410,1,410,87450000000.0,35.18298120573073,-97.43726236632895,9.001146145613097,25.829357544686815,153.8823834891484,69.2981594745001
411,1,411,87460000000.0,35.18298122277606,-97.43726152258513,9.004555211559495,25.95041481507107,153.80620426181665,69.3000436653314
412,1,412,87470000000.0,35.18298123982139,-97.43726067884131,9.007964277505895,26.080469233741475,153.73002503448487,69.3019278561627
413,1,413,87480000000.0,35.18298125686672,-97.43725983509749,9.011373343452293,26.115591361679652,153.65384580715312,69.30381204699401
414,1,414,87490000000.0,35.18298127391205,-97.43725899135367,9.014782409398693,26.235381184588903,153.57766657982137,69.30569623782532
415,1,415,87500000000.0,35.18298129095737,-97.43725814760985,9.018191475345093,26.329851267730554,153.50148735248962,69.30758042787119
416,1,416,87510000000.0,35.1829813080027,-97.43725730386603,9.021600541291491,26.407966732059375,153.42530812515784,69.30946461870249
417,1,417,87520000000.0,35.18298132504803,-97.4372564601222,9.025009607237891,26.521151293653126,153.34912889654302,69.3113488095338
418,1,418,87530000000.0,35.18298134209336,-97.43725561637838,9.028418673184289,26.6,153.27294966921127,69.3132330003651
419,1,419,87540000000.0,35.182981359138694,-97.43725477263456,9.031827739130689,26.6,153.19677044187952,69.3151171911964
420,1,420,87550000000.0,35.182981376184024,-97.43725392889074,9.035236805077089,26.628095494798476,153.12059121454774,69.31700138202771
421,1,421,87560000000.0,35.182981393229355,-97.43725308514692,9.038645871023487,26.7,153.044411987216,69.31888557285902
422,1,422,87570000000.0,35.182981410274685,-97.4372522414031,9.042054936969887,26.7,152.96823275988424,69.32076976369032
423,1,423,87580000000.0,35.18298142732001,-97.43725139765927,9.045464002916287,26.7,152.89205353126943,69.3226539537362
424,1,424,87590000000.0,35.18298144436534,-97.43725055391545,9.048873068862685,26.7,152.81587430393768,69.3245381445675
425,1,425,87600000000.0,35.18298146141067,-97.43724971017163,9.052282134809085,26.7,152.73969507660593,69.3264223353988
426,1,426,87610000000.0,35.182981478456,-97.43724886642781,9.055691200755483,26.7,152.66351584927418,69.32830652623011
427,1,427,87620000000.0,35.18298149550133,-97.43724802268399,9.059100266701883,26.7,152.5873366219424,69.33019071706141
428,1,428,87630000000.0,35.18298152188624,-97.43724705586777,9.068900404992755,26.7,152.5000455382996,69.33310730504118
429,1,429,87640000000.0,35.182981551619896,-97.43724604492337,9.0809920930321,26.7,152.40877024641694,69.33639406332432
430,1,430,87650000000.0,35.18298158135356,-97.43724503397895,9.093083781071446,26.7,152.3174949532512,69.33968082239289
431,1,431,87660000000.0,35.182981611087214,-97.43724402303455,9.10517546911079,26.7,152.22621966136856,69.34296758067603
432,1,432,87670000000.0,35.18298164082088,-97.43724301209014,9.117267157150135,26.7,152.13494436820284,69.3462543397446
433,1,433,87680000000.0,35.18298167055453,-97.43724200114572,9.12935884518948,26.7,152.04366907503714,69.34954109802774
434,1,434,87690000000.0,35.182981700288195,-97.43724099020132,9.141450533228824,26.7,151.95239378315446,69.35282785709632
435,1,435,87700000000.0,35.18298173002185,-97.4372399792569,9.153542221268168,26.674601591804684,151.86111848998874,69.35611461537945
436,1,436,87710000000.0,35.18298175975551,-97.4372389683125,9.165633909307513,26.619703824348665,151.76984319810612,69.35940137444803
437,1,437,87720000000.0,35.18298178948917,-97.43723795736808,9.177725597346859,26.6,151.67856790494037,69.36268813273117
438,1,438,87730000000.0,35.18298181922283,-97.43723694642368,9.189817285386203,26.5,151.5872926130577,69.36597489179974
439,1,439,87740000000.0,35.18298184895649,-97.43723593547926,9.201908973425548,26.5,151.49601731989202,69.36926165008288
440,1,440,87750000000.0,35.18298187869015,-97.43723492453486,9.214000661464892,26.5,151.40474202800937,69.37254840915145
441,1,441,87760000000.0,35.182981908423805,-97.43723391359045,9.226092349504237,26.499872354570638,151.31346673484362,69.37583516743459
442,1,442,87770000000.0,35.18298193815747,-97.43723290264604,9.238184037543581,26.3,151.222191442961,69.37912192650316
443,1,443,87780000000.0,35.18298196789112,-97.43723189170163,9.250275725582926,26.3,151.13091614979527,69.3824086847863
444,1,444,87790000000.0,35.182981997624786,-97.43723088075721,9.262367413622272,26.3,151.03964085662955,69.38569544385487
445,1,445,87800000000.0,35.18298202735844,-97.43722986981281,9.274459101661616,26.28773143472219,150.9483655647469,69.38898220213801
446,1,446,87810000000.0,35.182982057092104,-97.4372288588684,9.28655078970096,26.21263844331628,150.85709027158117,69.39226896120658
447,1,447,87820000000.0,35.18298208682576,-97.43722784792399,9.298642477740305,26.294453336119513,150.76581497969852,69.39555571948972
448,1,448,87830000000.0,35.182982130581834,-97.43722682450546,9.308309258658491,26.283970894092604,150.67341343395614,69.40039251594499
449,1,449,87840000000.0,35.182982185493756,-97.43722579116283,9.316046848299777,26.2,150.5801158700614,69.40646247981618
450,1,450,87850000000.0,35.182982240405686,-97.43722475782022,9.323784437941065,26.2,150.48681830744974,69.41253244447282
451,1,451,87860000000.0,35.182982295317615,-97.4372237244776,9.33152202758235,26.2,150.3935207448381,69.41860240912945
452,1,452,87870000000.0,35.18298235022954,-97.43722269113499,9.339259617223638,26.2,150.30022318222643,69.42467237300065
453,1,453,87880000000.0,35.182982405141466,-97.43722165779238,9.346997206864923,26.3,150.2069256196148,69.43074233765728
454,1,454,87890000000.0,35.182982460053395,-97.43722062444975,9.354734796506209,26.3,150.11362805572006,69.43681230231391
455,1,455,87900000000.0,35.18298251496532,-97.43721959110714,9.362472386147497,26.3,150.0203304931084,69.44288226618511
456,1,456,87910000000.0,35.18298256987725,-97.43721855776452,9.370209975788782,26.3,149.92703293049675,69.44895223084174
457,1,457,87920000000.0,35.182982624789176,-97.43721752442191,9.37794756543007,26.3,149.83373536788508,69.45502219549837
458,1,458,87930000000.0,35.1829826797011,-97.4372164910793,9.385685155071355,26.3,149.74043780527342,69.46109215936957
459,1,459,87940000000.0,35.18298273461303,-97.43721545773667,9.393422744712641,26.3,149.6471402413787,69.4671621240262
460,1,460,87950000000.0,35.18298278952496,-97.43721442439406,9.401160334353929,26.3,149.55384267876704,69.47323208868283
461,1,461,87960000000.0,35.18298284443688,-97.43721339105144,9.408897923995214,26.3,149.4605451161554,69.47930205255403
462,1,462,87970000000.0,35.18298289934881,-97.43721235770883,9.4166355136365,26.3,149.36724755354373,69.48537201721066
463,1,463,87980000000.0,35.18298295426074,-97.43721132436622,9.424373103277787,26.215875444577996,149.27394999093207,69.4914419818673
464,1,464,87990000000.0,35.18298300917266,-97.43721029102359,9.432110692919073,26.291341752981513,149.18065242703733,69.4975119457385
465,1,465,88000000000.0,35.18298306408459,-97.43720925768098,9.43984828256036,26.21255571173563,149.08735486442566,69.50358191039513
466,1,466,88010000000.0,35.18298311899652,-97.43720822433836,9.447585872201646,26.285749872715353,148.99405730181402,69.50965187505176
467,1,467,88020000000.0,35.18298317390844,-97.43720719099575,9.455323461842932,26.210517932456984,148.90075973920239,69.51572183892296
468,1,468,88030000000.0,35.18298323116699,-97.43720615977219,9.459753202248717,26.213190091968116,148.8076534997268,69.52205119942178
469,1,469,88040000000.0,35.182983290549984,-97.43720513046704,9.461188291151212,26.3,148.71472046789683,69.52861539524349
470,1,470,88050000000.0,35.18298334993297,-97.4372041011619,9.462623380053708,26.3,148.62178743734992,69.53517959027977
471,1,471,88060000000.0,35.18298340931596,-97.43720307185676,9.464058468956203,26.3,148.52885440680302,69.54174378610148
472,1,472,88070000000.0,35.18298346869895,-97.4372020425516,9.465493557858698,26.3,148.43592137497308,69.54830798192319
473,1,473,88080000000.0,35.182983528081934,-97.43720101324647,9.466928646761195,26.3,148.34298834442617,69.55487217695946
474,1,474,88090000000.0,35.182983587464925,-97.43719998394133,9.46836373566369,26.3,148.25005531387924,69.56143637278117
475,1,475,88100000000.0,35.182983646847916,-97.43719895463617,9.469798824566187,26.288428004346653,148.1571222820493,69.56800056860288
476,1,476,88110000000.0,35.18298370623091,-97.43719792533103,9.471233913468682,26.213891822508778,148.06418925150243,69.5745647644246
477,1,477,88120000000.0,35.18298376561389,-97.4371968960259,9.472669002371177,26.2,147.97125622095552,69.58112895946087
478,1,478,88130000000.0,35.18298382499688,-97.43719586672074,9.474104091273674,26.2,147.87832318912555,69.58769315528258
479,1,479,88140000000.0,35.18298388437987,-97.4371948374156,9.475539180176169,26.2,147.78539015857865,69.59425735110429
480,1,480,88150000000.0,35.18298394376286,-97.43719380811046,9.476974269078664,26.2,147.69245712803175,69.600821546926
481,1,481,88160000000.0,35.18298400314585,-97.43719277880531,9.47840935798116,26.2,147.5995240962018,69.60738574196228
482,1,482,88170000000.0,35.18298406252884,-97.43719174950017,9.479844446883655,26.2,147.50659106565487,69.61394993778399
483,1,483,88180000000.0,35.18298412191183,-97.43719072019502,9.48127953578615,26.2,147.41365803382493,69.6205141336057
484,1,484,88190000000.0,35.18298418129482,-97.43718969088988,9.482714624688647,26.18639700931895,147.32072500327803,69.6270783294274
485,1,485,88200000000.0,35.182984240677804,-97.43718866158474,9.484149713591142,26.1,147.22779197273115,69.63364252446368
486,1,486,88210000000.0,35.182984300060795,-97.43718763227959,9.485584802493637,26.1,147.13485894090118,69.64020672028539
487,1,487,88220000000.0,35.182984359443786,-97.43718660297445,9.487019891396134,26.1,147.04192591035428,69.6467709161071
488,1,488,88230000000.0,35.18298442816982,-97.43718555036287,9.489855893755852,26.1,146.94688860758322,69.6543678915836
489,1,489,88240000000.0,35.18298451702243,-97.43718444754509,9.49570971323168,26.1,146.8473183302648,69.66418965974867
490,1,490,88250000000.0,35.18298460587505,-97.43718334472733,9.501563532707507,25.733356153753704,146.74774805422948,69.67401142791374
491,1,491,88260000000.0,35.18298469472767,-97.43718224190955,9.507417352183335,25.7,146.64817777691104,69.68383319686424
492,1,492,88270000000.0,35.18298478358029,-97.43718113909178,9.513271171659163,25.7,146.54860749959263,69.69365496502931
493,1,493,88280000000.0,35.182984872432904,-97.437180036274,9.51912499113499,25.7,146.44903722227423,69.70347673319438
494,1,494,88290000000.0,35.18298496128552,-97.43717893345622,9.524978810610818,25.7,146.34946694495582,69.71329850135945
495,1,495,88300000000.0,35.182985050138136,-97.43717783063845,9.530832630086646,25.7,146.24989666763742,69.72312026952451
496,1,496,88310000000.0,35.18298513899075,-97.43717672782067,9.536686449562474,25.7,146.150326390319,69.73294203768958
497,1,497,88320000000.0,35.18298522784337,-97.4371756250029,9.542540269038302,25.626630946907113,146.0507561130006,69.74276380585465
498,1,498,88330000000.0,35.18298531669599,-97.43717452218512,9.54839408851413,25.6,145.9511858356822,69.75258557480515
499,1,499,88340000000.0,35.18298540554861,-97.43717341936734,9.554247907989957,25.685845709156094,145.8516155583638,69.76240734297022
500,1,500,88350000000.0,35.18298549440122,-97.43717231654956,9.560101727465785,25.7,145.75204528104538,69.77222911113529
501,1,501,88360000000.0,35.18298558325384,-97.43717121373179,9.565955546941613,25.625524693328188,145.65247500372698,69.78205087930036
502,1,502,88370000000.0,35.182985672106454,-97.43717011091401,9.57180936641744,25.6,145.55290472640857,69.79187264746542
503,1,503,88380000000.0,35.18298576095907,-97.43716900809623,9.577663185893268,25.6,145.45333444909016,69.8016944156305
504,1,504,88390000000.0,35.182985849811686,-97.43716790527846,9.583517005369096,25.516554294696014,145.35376417177176,69.81151618379556
505,1,505,88400000000.0,35.18298593866431,-97.43716680246068,9.589370824844924,25.594907575293483,145.25419389445335,69.82133795274606
506,1,506,88410000000.0,35.182986027516925,-97.4371656996429,9.595224644320753,25.747981436720487,145.15462361713494,69.83115972091113
507,1,507,88420000000.0,35.18298611698749,-97.4371646113494,9.600205638094337,25.8,145.05636469526596,69.84104979748054
508,1,508,88430000000.0,35.182986209194326,-97.43716358736829,9.601321826032608,25.8,144.96391235583877,69.85124234073311
509,1,509,88440000000.0,35.18298630140116,-97.43716256338719,9.602438013970877,25.8,144.87146001769463,69.86143488398568
510,1,510,88450000000.0,35.18298639360798,-97.43716153940608,9.603554201909148,25.8,144.77900767826745,69.87162742645282
511,1,511,88460000000.0,35.182986485814816,-97.43716051542496,9.604670389847419,25.8,144.68655533884024,69.88181996970539
512,1,512,88470000000.0,35.18298657802164,-97.43715949144386,9.605786577785688,25.8,144.59410300069612,69.89201251217253
513,1,513,88480000000.0,35.18298667022847,-97.43715846746275,9.606902765723959,25.8,144.5016506612689,69.9022050554251
514,1,514,88490000000.0,35.182986762435306,-97.43715744348164,9.60801895366223,25.88740930161557,144.40919832184173,69.91239759867767
515,1,515,88500000000.0,35.18298685464213,-97.43715641950052,9.609135141600499,26.000428531643937,144.31674598241452,69.92259014114481
516,1,516,88510000000.0,35.18298694684896,-97.43715539551943,9.61025132953877,26.075798608140797,144.22429364427038,69.93278268439738
517,1,517,88520000000.0,35.182987039055796,-97.43715437153831,9.61136751747704,26.172161743686583,144.1318413048432,69.94297522764995
518,1,518,88530000000.0,35.18298713126262,-97.4371533475572,9.61248370541531,26.2,144.039388965416,69.95316777011709
519,1,519,88540000000.0,35.18298722346945,-97.4371523235761,9.61359989335358,26.2,143.94693662727187,69.96336031336966
520,1,520,88550000000.0,35.18298731567628,-97.43715129959499,9.614716081291851,26.2,143.85448428784468,69.9735528558368
521,1,521,88560000000.0,35.18298740788311,-97.43715027561387,9.61583226923012,26.275096642359415,143.76203194841747,69.98374539908937
522,1,522,88570000000.0,35.18298750008994,-97.43714925163276,9.616948457168391,26.513118050561292,143.6695796089903,69.99393794234194
523,1,523,88580000000.0,35.18298759229677,-97.43714822765166,9.618064645106662,26.6,143.57712727084615,70.00413048480908
524,1,524,88590000000.0,35.1829876845036,-97.43714720367055,9.61918083304493,26.6,143.48467493141894,70.01432302806165
525,1,525,88600000000.0,35.18298777671043,-97.43714617968944,9.620297020983202,26.600721778498905,143.39222259199175,70.02451557131423
526,1,526,88610000000.0,35.18298786891726,-97.43714515570834,9.621413208921473,26.67564480819742,143.2997702538476,70.03470811378136
527,1,527,88620000000.0,35.18298796112409,-97.43714413172722,9.622529396859742,26.7,143.20731791442043,70.04490065703393
528,1,528,88630000000.0,35.18298807879351,-97.4371429737294,9.627898900701313,26.791335132201368,143.10276558725764,70.05790783422825
529,1,529,88640000000.0,35.18298821502405,-97.43714171803924,9.636368886194182,26.881824832984073,142.98939289849184,70.07296675809087
530,1,530,88650000000.0,35.18298835125458,-97.43714046234909,9.644838871687051,26.901745364338584,142.87602020972605,70.08802568116806
531,1,531,88660000000.0,35.18298848748512,-97.43713920665893,9.65330885717992,26.978646873346136,142.76264751967722,70.10308460503069
532,1,532,88670000000.0,35.18298862371565,-97.43713795096878,9.66177884267279,27.069532955865007,142.64927483091145,70.11814352810788
533,1,533,88680000000.0,35.18298875994619,-97.43713669527861,9.670248828165661,27.1,142.53590214086262,70.1332024519705
534,1,534,88690000000.0,35.182988896176724,-97.43713543958846,9.67871881365853,27.1,142.42252945209685,70.1482613750477
535,1,535,88700000000.0,35.182989032407264,-97.43713418389831,9.6871887991514,27.1,142.3091567633311,70.16332029891032
536,1,536,88710000000.0,35.182989168637796,-97.43713292820814,9.69565878464427,27.1,142.19578407328223,70.17837922198751
537,1,537,88720000000.0,35.18298930486833,-97.43713167251799,9.704128770137139,27.116554969823287,142.08241138451646,70.1934381450647
538,1,538,88730000000.0,35.18298944109887,-97.43713041682784,9.712598755630008,27.2,141.96903869575067,70.20849706892733
539,1,539,88740000000.0,35.1829895773294,-97.43712916113768,9.721068741122878,27.2,141.85566600570183,70.22355599200452
540,1,540,88750000000.0,35.18298971355994,-97.43712790544753,9.729538726615747,27.2,141.74229331693607,70.23861491586715
541,1,541,88760000000.0,35.182989849790474,-97.43712664975736,9.738008712108616,27.2,141.62892062688724,70.25367383894434
542,1,542,88770000000.0,35.18298998602101,-97.43712539406721,9.746478697601486,27.2,141.51554793812147,70.26873276280696
543,1,543,88780000000.0,35.182990122251546,-97.43712413837706,9.754948683094355,27.2,141.40217524935568,70.28379168588415
544,1,544,88790000000.0,35.182990258482086,-97.4371228826869,9.763418668587224,27.2,141.28880255930684,70.29885060974678
545,1,545,88800000000.0,35.18299035724326,-97.43712198481064,9.767621892408432,27.2,141.207735869138,70.30976767025393
546,1,546,88810000000.0,35.18299043957949,-97.43712124378455,9.769954752342732,27.2,141.1408307323562,70.31886911695253
547,1,547,88820000000.0,35.18299052191573,-97.43712050275846,9.772287612277033,27.2,141.0739255968575,70.32797056443655
548,1,548,88830000000.0,35.18299060425196,-97.43711976173236,9.774620472211334,27.2,141.00702046007572,70.33707201192058
549,1,549,88840000000.0,35.18299068658819,-97.43711902070626,9.776953332145633,27.2,140.94011532329392,70.34617345861918
550,1,550,88850000000.0,35.18299076892443,-97.43711827968016,9.779286192079933,27.27240449966906,140.87321018651215,70.3552749061032
551,1,551,88860000000.0,35.18299085126066,-97.43711753865406,9.781619052014234,27.3,140.80630504973038,70.36437635358723
552,1,552,88870000000.0,35.18299093359689,-97.43711679762797,9.783951911948535,27.3,140.7393999129486,70.37347780028583
553,1,553,88880000000.0,35.182991015933126,-97.43711605660188,9.786284771882835,27.3,140.67249477744988,70.38257924776985
554,1,554,88890000000.0,35.182991098269355,-97.43711531557578,9.788617631817136,27.3,140.60558964066811,70.39168069446845
555,1,555,88900000000.0,35.18299118060559,-97.43711457454968,9.790950491751437,27.3,140.53868450388634,70.40078214195248
556,1,556,88910000000.0,35.182991262941826,-97.43711383352358,9.793283351685737,27.3,140.47177936710457,70.4098835894365
557,1,557,88920000000.0,35.182991345278054,-97.43711309249748,9.795616211620038,27.3,140.4048742303228,70.4189850361351
558,1,558,88930000000.0,35.18299142761429,-97.43711235147138,9.797949071554338,27.3,140.33796909354103,70.42808648361913
559,1,559,88940000000.0,35.182991517457964,-97.43711155630753,9.799952997789442,27.3,140.26617601277553,70.43801780332473
560,1,560,88950000000.0,35.18299166191499,-97.43711036731509,9.79956407502538,27.3,140.15882527023814,70.45398608296736
561,1,561,88960000000.0,35.182991806372016,-97.43710917832263,9.799175152261318,27.3,140.05147452641765,70.46995436261
562,1,562,88970000000.0,35.18299195082904,-97.43710798933017,9.798786229497257,27.3,139.9441237825972,70.48592264225263
563,1,563,88980000000.0,35.18299209528607,-97.43710680033773,9.798397306733195,27.3,139.8367730400598,70.50189092189527
564,1,564,88990000000.0,35.1829922397431,-97.43710561134527,9.798008383969133,27.3,139.7294222962393,70.51785920232334
565,1,565,89000000000.0,35.182992384200126,-97.43710442235283,9.797619461205072,27.3,139.62207155370191,70.53382748196597
566,1,566,89010000000.0,35.18299252865715,-97.43710323336038,9.79723053844101,27.3,139.51472080988145,70.5497957616086
567,1,567,89020000000.0,35.18299267311418,-97.43710204436792,9.796841615676948,27.3,139.40737006606096,70.56576404125124
568,1,568,89030000000.0,35.182992817571204,-97.43710085537548,9.796452692912887,27.233536263569412,139.30001932352357,70.58173232089388
569,1,569,89040000000.0,35.18299296202823,-97.43709966638302,9.796063770148825,27.2666429315964,139.1926685797031,70.59770060053651
570,1,570,89050000000.0,35.182993106485256,-97.43709847739058,9.795674847384763,27.230000146307084,139.0853178371657,70.61366888017915
571,1,571,89060000000.0,35.18299325094228,-97.43709728839812,9.795285924620702,27.2,138.97796709334523,70.62963715982178
572,1,572,89070000000.0,35.182993395399315,-97.43709609940568,9.79489700185664,27.2,138.87061635080784,70.64560544024985
573,1,573,89080000000.0,35.18299353985634,-97.43709491041322,9.794508079092578,27.2,138.76326560698735,70.66157371989249
574,1,574,89090000000.0,35.18299368431337,-97.43709372142077,9.794119156328515,27.2,138.6559148631669,70.67754199953512
575,1,575,89100000000.0,35.18299382877039,-97.43709253242832,9.793730233564453,27.2,138.5485641206295,70.69351027917776
576,1,576,89110000000.0,35.18299397322742,-97.43709134343587,9.793341310800391,27.14738721423896,138.44121337680903,70.7094785588204
577,1,577,89120000000.0,35.18299411774338,-97.43709017461349,9.792994085542036,27.1,138.33568373183124,70.72545335285213
578,1,578,89130000000.0,35.18299426268178,-97.43708915038209,9.792945772740765,27.041999037539572,138.24320879519337,70.74147484407334
579,1,579,89140000000.0,35.182994407620185,-97.43708812615071,9.792897459939496,26.938217816433966,138.15073385983854,70.75749633529455
580,1,580,89150000000.0,35.18299455255859,-97.43708710191933,9.792849147138226,26.82743484604288,138.05825892448368,70.77351782651576
581,1,581,89160000000.0,35.182994697496994,-97.43708607768794,9.792800834336955,26.740275875158638,137.9657839878458,70.78953931773697
582,1,582,89170000000.0,35.18299484243539,-97.43708505345656,9.792752521535684,26.558919592794307,137.87330905249098,70.80556080817274
583,1,583,89180000000.0,35.182994987373796,-97.43708402922516,9.792704208734413,26.285846181440213,137.78083411585308,70.82158229939395
584,1,584,89190000000.0,35.1829951323122,-97.43708300499378,9.792655895933143,26.076353586354703,137.68835918049825,70.83760379061516
585,1,585,89200000000.0,35.182995277250605,-97.43708198076239,9.792607583131874,25.873003496991785,137.59588424386038,70.85362528183637
586,1,586,89210000000.0,35.18299542218901,-97.437080956531,9.792559270330603,25.8,137.50340930850552,70.86964677305758
587,1,587,89220000000.0,35.18299556712741,-97.43707993229962,9.792510957529332,25.8,137.41093437315072,70.88566826427879
588,1,588,89230000000.0,35.18299571206582,-97.43707890806823,9.792462644728062,25.788768390292024,137.31845943651282,70.9016897555
589,1,589,89240000000.0,35.18299585700422,-97.43707788383685,9.792414331926791,25.41171278028672,137.225984501158,70.91771124672121
590,1,590,89250000000.0,35.18299600194263,-97.43707685960545,9.79236601912552,24.9,137.13350956452012,70.93373273794242
591,1,591,89260000000.0,35.18299614688103,-97.43707583537407,9.79231770632425,24.9,137.0410346291653,70.94975422916363
592,1,592,89270000000.0,35.182996291819435,-97.4370748111427,9.79226939352298,24.851038466805452,136.94855969381044,70.96577572038484
593,1,593,89280000000.0,35.18299643675784,-97.4370737869113,9.79222108072171,24.66655050371439,136.85608475717257,70.98179721160605
594,1,594,89290000000.0,35.18299658169624,-97.43707276267992,9.79217276792044,24.6,136.76360982181774,70.99781870204183
595,1,595,89300000000.0,35.18299672663464,-97.43707173844852,9.792124455119168,24.6,136.67113488517984,71.01384019326304
596,1,596,89310000000.0,35.182996871573046,-97.43707071421714,9.792076142317898,24.58703778972221,136.578659949825,71.02986168448425
597,1,597,89320000000.0,35.18299701651145,-97.43706968998575,9.792027829516627,24.50666405184106,136.48618501318714,71.04588317570546
598,1,598,89330000000.0,35.182997174367976,-97.4370686362938,9.791540668379687,24.482410396578015,136.39105016724406,71.06333263609756
599,1,599,89340000000.0,35.18299734977565,-97.43706754257536,9.790457268052231,24.385099733655867,136.29230144326326,71.08272220000686
600,1,600,89350000000.0,35.182997525183325,-97.43706644885694,9.789373867724775,24.3,136.19355272056552,71.10211176470159
601,1,601,89360000000.0,35.182997700590995,-97.43706535513851,9.788290467397319,24.318585484280693,136.09480399786776,71.12150132861089
602,1,602,89370000000.0,35.182997875998666,-97.43706426142009,9.787207067069863,24.38296165536371,135.99605527517002,71.14089089252019
603,1,603,89380000000.0,35.18299805140634,-97.43706316770167,9.786123666742407,24.4,135.8973065524723,71.16028045642949
604,1,604,89390000000.0,35.18299822681401,-97.43706207398324,9.785040266414951,24.4,135.79855782977455,71.17967002033879
605,1,605,89400000000.0,35.182998402221685,-97.43706098026482,9.783956866087495,24.4,135.69980910707682,71.19905958503352
606,1,606,89410000000.0,35.182998577629355,-97.43705988654638,9.782873465760039,24.4,135.601060383096,71.21844914894282
607,1,607,89420000000.0,35.182998753037026,-97.43705879282795,9.781790065432583,24.4,135.50231166039825,71.23783871285212
608,1,608,89430000000.0,35.1829989284447,-97.43705769910953,9.780706665105127,24.4,135.4035629377005,71.25722827676142
609,1,609,89440000000.0,35.18299910385237,-97.4370566053911,9.779623264777669,24.4,135.30481421500278,71.27661784067072
610,1,610,89450000000.0,35.18299927926004,-97.43705551167268,9.778539864450213,24.4,135.20606549230502,71.29600740458002
611,1,611,89460000000.0,35.182999454667716,-97.43705441795426,9.777456464122757,24.4,135.10731676960728,71.31539696927476
612,1,612,89470000000.0,35.182999630075386,-97.43705332423583,9.776373063795301,24.317474783897488,135.00856804690952,71.33478653318406
613,1,613,89480000000.0,35.18299980548306,-97.43705223051741,9.775289663467845,24.3,134.90981932421178,71.35417609709336
614,1,614,89490000000.0,35.18299998089073,-97.43705113679897,9.774206263140389,24.3,134.81107060023098,71.37356566100266
